{"stat.useItem.351":14,"stat.killEntity.Sludgeling":1,"stat.useItem.113":5,"stat.useItem.355":21,"stat.useItem.354":4,"stat.killEntity.EntityHorse":3,"stat.useItem.356":11,"stat.useItem.114":1,"stat.horseOneCm":402653,"stat.killEntity.Blaze":1,"stat.useItem.120":108,"stat.useItem.122":128,"stat.useItem.121":90,"stat.killEntity.PigZombie":4,"stat.swimOneCm":86486,"stat.climbOneCm":3453,"achievement.exploreAllBiomes":{"value":0,"progress":["Sky","moon","WyvernBiome","asteroids","Ice Plains","Plains","space","Hell"]},"stat.killEntity.Alea":1,"stat.useItem.331":23,"stat.useItem.330":3,"stat.useItem.338":7,"stat.killEntity.Enderman":4,"stat.flyOneCm":13583449,"stat.useItem.102":187,"stat.killEntity.Xilien":1,"stat.killEntity.MushroomCow":7,"stat.useItem.107":21,"stat.useItem.109":18,"stat.killEntity.EvolvedSkeletonBoss":2,"stat.craftItem.300":2,"stat.craftItem.301":2,"stat.killEntity.Creeper":10,"stat.useItem.324":3,"stat.useItem.323":26,"stat.killEntity.Squid":1,"stat.useItem.87":13,"stat.useItem.88":50,"stat.useItem.89":386,"stat.useItem.84":2,"stat.useItem.85":565,"achievement.openInventory":2055,"stat.useItem.80":106,"stat.killEntity.Nightmare":8,"stat.killEntity.Hippocamp":1,"stat.useItem.97":29,"stat.useItem.98":11,"stat.deaths":19,"stat.drop":321,"stat.useItem.420":9,"stat.useItem.96":16,"stat.playOneMinute":3300690,"stat.killEntity.Sheep":1,"stat.killEntity.Typhon":2,"stat.killEntity.Zombie":2,"stat.diveOneCm":9859,"stat.useItem.65":7,"stat.useItem.66":1,"stat.useItem.2257":1,"stat.useItem.2258":2,"stat.useItem.2259":3,"stat.killEntity.Slime":19,"stat.killEntity.Ghast":4,"stat.useItem.69":27,"stat.useItem.76":21,"stat.useItem.77":11,"stat.useItem.78":135,"stat.craftItem.298":2,"stat.craftItem.299":2,"stat.useItem.72":1,"stat.jump":4526,"stat.fallOneCm":119788,"stat.killEntity.Slimeling":1,"stat.useItem.70":4,"stat.useItem.404":1,"stat.killEntity.Pegasus":5,"stat.useItem.79":17,"stat.useItem.42":202,"stat.useItem.174":49,"stat.useItem.45":375,"stat.entityKilledBy.DragonMount":1,"stat.useItem.41":29,"stat.damageTaken":-2147436350,"stat.killEntity.Velvet":3,"stat.useItem.46":238,"stat.killEntity.Unicorn":1,"stat.useItem.49":74,"stat.useItem.54":55,"stat.killEntity.CaveSpider":3,"stat.useItem.50":6,"stat.damageDealt":156571,"stat.killEntity.Silverfish":1,"stat.killEntity.Cow":12,"stat.killEntity.Pig":2,"stat.useItem.57":50,"stat.useItem.58":1,"stat.useItem.20":632,"stat.useItem.152":37,"stat.useItem.276":1114,"stat.useItem.397":40,"stat.useItem.155":66,"stat.useItem.23":14,"stat.walkOneCm":2091582,"stat.useItem.156":29,"stat.playerKills":3,"stat.useItem.29":15,"stat.killEntity.LavaSlime":6,"stat.useItem.160":6,"stat.useItem.24":79,"stat.useItem.27":9,"stat.useItem.164":109,"stat.useItem.33":55,"stat.useItem.30":7,"stat.useItem.171":186,"stat.useItem.35":31,"stat.useItem.170":52,"stat.killEntity.DragonMount":34,"stat.killEntity.Skeleton":6,"stat.useItem.256":4,"stat.useItem.379":6,"stat.useItem.259":401,"stat.useItem.138":4,"stat.killEntity.Chicken":1,"stat.killEntity.Spider":1,"stat.mobKills":499,"stat.killEntity.VelvetBunny":1,"stat.useItem.381":97,"stat.useItem.383":793,"stat.useItem.6":1,"stat.useItem.12":2,"stat.useItem.7":1841,"stat.useItem.145":9,"stat.useItem.1":492,"stat.useItem.4":42,"stat.useItem.5":272,"stat.useItem.3":33,"stat.useItem.2265":1,"stat.useItem.2266":1,"stat.useItem.2261":1,"stat.useItem.2262":1,"stat.useItem.17":327,"stat.useItem.18":4,"stat.useItem.19":1}