{"stat.useItem.276":1,"stat.walkOneCm":362997,"stat.useItem.279":47,"stat.leaveGame":7,"stat.killEntity.Blaze":1,"stat.useItem.27":9,"stat.useItem.78":37,"stat.jump":372,"stat.fallOneCm":2031,"achievement.mineWood":1,"achievement.exploreAllBiomes":{"value":0,"progress":["Sky","Ice Plains"]},"stat.killEntity.Skeleton":1,"stat.useItem.45":182,"achievement.openInventory":21,"stat.damageTaken":8685,"stat.killEntity.Spider":1,"stat.mineBlock.3":2,"stat.mobKills":9,"stat.mineBlock.20":2,"stat.flyOneCm":1168819,"stat.deaths":6,"stat.drop":16,"stat.playOneMinute":174546,"stat.entityKilledBy.Zombie":2,"stat.useItem.3":9,"stat.damageDealt":3540,"stat.killEntity.Zombie":3}