{"stat.useItem.66":8,"stat.useItem.3":51,"stat.useItem.65":53,"achievement.exploreAllBiomes":{"value":0,"progress":["Plains","WyvernBiome","Hell"]},"stat.useItem.324":35,"stat.killEntity.EntityMasso":4,"stat.useItem.48":126,"stat.killEntity.EntityCompy":8,"stat.useItem.420":33,"stat.killEntity.EntityDimorphodon":2,"achievement.normalloot":7,"stat.useItem.46":116,"achievement.openInventory":1263,"achievement.completedex10":33,"stat.damageDealt":180040,"stat.useItem.97":1,"stat.useItem.96":5,"stat.useItem.50":23,"stat.useItem.259":61,"stat.useItem.49":2707,"stat.useItem.5":149,"stat.fallOneCm":4354,"stat.flyOneCm":9428278,"stat.useItem.8":27,"stat.useItem.10":18,"stat.killEntity.EntitySpino":6,"stat.damageTaken":2584,"achievement.completedex1":58,"stat.useItem.121":1,"stat.useItem.4":20,"stat.useItem.355":4,"stat.useItem.86":5,"stat.killEntity.EntityQuetz":2,"stat.killEntity.EntityMegalodon":3,"stat.useItem.69":7,"stat.killEntity.EntityHorse":1,"stat.killEntity.EntityBaryonyx":4,"stat.climbOneCm":21340,"stat.killEntity.EntityTylo":4,"stat.drop":535,"stat.useItem.155":7,"stat.useItem.70":38,"stat.useItem.76":20,"achievement.grotto":4,"stat.killEntity.Enderman":8,"stat.leaveGame":3,"stat.killEntity.EntityTroodon":7,"stat.diveOneCm":282870,"stat.useItem.267":14,"achievement.mineWood":2,"stat.killEntity.EntityDromaeosaurus":10,"stat.useItem.54":4,"stat.killEntity.Villager":7,"stat.useItem.106":4,"stat.killEntity.Spider":10,"stat.useItem.17":6,"stat.killEntity.Slime":11,"stat.useItem.85":424,"stat.useItem.328":15,"stat.killEntity.Creeper":7,"stat.useItem.383":1169,"stat.useItem.57":228,"stat.playOneMinute":2025752,"stat.entityKilledBy.EntityCryo":2,"stat.killEntity.Pig":1,"stat.useItem.22":2,"stat.swimOneCm":45546,"stat.killEntity.Skeleton":8,"stat.horseOneCm":102362,"stat.walkOneCm":2007229,"stat.playerKills":1,"stat.useItem.77":5,"stat.useItem.145":8,"stat.useItem.35":56,"stat.killEntity.Silverfish":1,"stat.jump":3430,"stat.killEntity.Witch":1,"stat.killEntity.EntityCitipati":5,"stat.deaths":10,"stat.killEntity.EntityCryo":6,"stat.mobKills":594,"stat.useItem.42":22,"stat.killEntity.Zombie":21,"stat.useItem.170":47,"stat.minecartOneCm":57646,"stat.useItem.276":1222,"stat.useItem.27":135,"stat.entityKilledBy.EntityBaryonyx":1,"stat.useItem.1":44,"stat.useItem.20":159,"stat.useItem.331":2,"stat.killEntity.Squid":1,"stat.useItem.138":2,"stat.useItem.101":66}