{"stat.useItem.351":14,"stat.useItem.113":5,"stat.useItem.355":18,"stat.useItem.354":3,"stat.useItem.356":11,"stat.useItem.120":108,"stat.useItem.122":112,"stat.killEntity.PigZombie":3,"stat.swimOneCm":53888,"stat.climbOneCm":1807,"achievement.exploreAllBiomes":{"value":0,"progress":["Sky","WyvernBiome","Ice Plains","space","Hell"]},"stat.useItem.331":23,"stat.useItem.330":3,"stat.killEntity.Enderman":2,"stat.flyOneCm":9934140,"stat.useItem.102":4,"stat.craftItem.300":2,"stat.craftItem.301":2,"stat.killEntity.Creeper":2,"stat.useItem.323":25,"stat.useItem.87":12,"stat.useItem.88":50,"stat.useItem.89":259,"stat.useItem.84":2,"stat.useItem.85":156,"achievement.openInventory":1305,"stat.useItem.80":106,"stat.killEntity.Nightmare":7,"stat.useItem.98":11,"stat.deaths":9,"stat.drop":174,"stat.useItem.96":10,"stat.playOneMinute":2383620,"stat.killEntity.Sheep":1,"stat.killEntity.Typhon":1,"stat.killEntity.Zombie":2,"stat.diveOneCm":5715,"stat.useItem.65":7,"stat.useItem.66":1,"stat.useItem.2257":1,"stat.useItem.2258":2,"stat.useItem.2259":3,"stat.killEntity.Slime":8,"stat.killEntity.Ghast":1,"stat.useItem.69":21,"stat.useItem.76":21,"stat.useItem.77":11,"stat.useItem.78":135,"stat.craftItem.298":2,"stat.craftItem.299":2,"stat.useItem.72":1,"stat.jump":3411,"stat.fallOneCm":54063,"stat.useItem.70":4,"stat.useItem.404":1,"stat.killEntity.Pegasus":3,"stat.useItem.79":17,"stat.useItem.42":202,"stat.useItem.174":49,"stat.useItem.45":279,"stat.useItem.41":29,"stat.damageTaken":-2147478815,"stat.useItem.46":213,"stat.useItem.49":36,"stat.useItem.54":36,"stat.useItem.50":6,"stat.damageDealt":103613,"stat.killEntity.Silverfish":1,"stat.killEntity.Pig":1,"stat.useItem.57":29,"stat.useItem.58":1,"stat.useItem.20":260,"stat.useItem.152":37,"stat.useItem.276":597,"stat.useItem.397":40,"stat.useItem.23":14,"stat.walkOneCm":1349253,"stat.useItem.156":7,"stat.playerKills":1,"stat.useItem.29":15,"stat.killEntity.LavaSlime":6,"stat.useItem.160":6,"stat.useItem.27":9,"stat.useItem.33":10,"stat.useItem.171":114,"stat.useItem.35":30,"stat.useItem.170":51,"stat.killEntity.DragonMount":27,"stat.killEntity.Skeleton":4,"stat.useItem.256":4,"stat.useItem.259":374,"stat.useItem.138":2,"stat.killEntity.Chicken":1,"stat.mobKills":275,"stat.useItem.381":97,"stat.useItem.383":415,"stat.useItem.6":1,"stat.useItem.12":2,"stat.useItem.7":158,"stat.useItem.145":8,"stat.useItem.1":425,"stat.useItem.4":42,"stat.useItem.3":30,"stat.useItem.2265":1,"stat.useItem.2266":1,"stat.useItem.2261":1,"stat.useItem.2262":1,"stat.useItem.18":4}