{"stat.damageDealt":16340,"achievement.exploreAllBiomes":{"value":0,"progress":["Plains","The End","Hell"]},"stat.mineBlock.31":2,"stat.killEntity.Bat":1,"achievement.openInventory":71,"stat.entityKilledBy.Wolf":1,"stat.fallOneCm":26491,"stat.flyOneCm":553660,"stat.entityKilledBy.Creeper":2,"stat.entityKilledBy.Spider":1,"stat.climbOneCm":17300,"stat.drop":28,"stat.killEntity.Chicken":1,"stat.damageTaken":11123,"stat.entityKilledBy.Witch":1,"stat.leaveGame":29,"stat.diveOneCm":9194,"stat.killEntity.Creeper":1,"achievement.mineWood":8,"stat.killEntity.Villager":1,"stat.playOneMinute":562913,"stat.killEntity.Spider":21,"stat.killEntity.Wolf":1,"stat.entityKilledBy.Silverfish":1,"stat.deaths":23,"stat.swimOneCm":28005,"stat.mobKills":60,"stat.killEntity.Skeleton":4,"stat.horseOneCm":246402,"stat.walkOneCm":2091923,"stat.killEntity.Zombie":15,"stat.minecartOneCm":108012,"stat.killEntity.Silverfish":3,"stat.jump":1044,"stat.killEntity.Witch":1,"stat.entityKilledBy.Zombie":1,"stat.killEntity.Squid":1,"stat.entityKilledBy.Enderman":1}