{"stat.damageDealt":1145,"achievement.exploreAllBiomes":{"value":0,"progress":["Deep Ocean","Ocean","Plains","Beach","River","Stone Beach"]},"stat.killEntity.OCSeagull":1,"achievement.openInventory":24,"stat.killEntity.OCAnglerFish":1,"stat.flyOneCm":27375,"stat.useItem.383":8,"stat.playOneMinute":14271,"stat.diveOneCm":548170,"stat.jump":44,"stat.killEntity.OCShark":2,"stat.swimOneCm":21909,"stat.mobKills":8,"stat.horseOneCm":317,"stat.walkOneCm":7578,"stat.killEntity.OCCrab":1,"stat.useItem.276":14}