{"stat.useItem.66":6,"stat.killEntity.Sheep":37,"stat.killEntity.entity_minimob_spider":1,"stat.useItem.279":134,"stat.useItem.3":577,"stat.breakItem.317":1,"stat.useItem.126":6,"stat.useItem.420":16,"achievement.openInventory":5895,"stat.damageDealt":975096,"stat.mineBlock.31":11,"stat.useItem.50":32,"stat.killEntity.Bat":46,"stat.entityKilledBy.Wolf":3,"stat.killEntity.Cow":15,"stat.killEntity.Ghast":6,"stat.killEntity.lom_Croco":4,"stat.useItem.351":307,"achievement.exploreAllBiomes":{"value":0,"progress":["Dino Islands","Dino Plains","Plains","Ice Plains","Ice Mountains","Ice Islands","The End","WyvernBiome","Dino Jungle","Hell","Sky"]},"stat.useItem.112":23,"stat.useItem.324":22,"stat.useItem.24":47,"stat.useItem.53":27,"stat.useItem.46":27,"stat.useItem.23":1,"stat.useItem.97":1,"stat.useItem.259":5,"stat.useItem.49":2,"stat.useItem.5":1873,"stat.fallOneCm":83388,"stat.useItem.270":5,"stat.flyOneCm":50876352,"stat.useItem.33":7,"achievement.buildWorkBench":1,"achievement.buildPickaxe":2,"stat.useItem.95":101,"stat.useItem.38":26,"stat.damageTaken":68383,"stat.useItem.4":17,"stat.craftItem.58":1,"stat.useItem.355":2,"stat.useItem.269":2,"stat.killEntity.EntityHorse":106,"stat.pigOneCm":89327,"stat.useItem.69":26,"stat.climbOneCm":50999,"stat.mineBlock.21":1,"stat.useItem.87":24,"stat.killEntity.Chicken":91,"stat.useItem.39":16,"stat.drop":1671,"stat.craftItem.270":1,"achievement.login":2,"achievement.mineWood":7,"stat.useItem.106":3,"stat.killEntity.Wolf":21,"stat.useItem.17":3,"stat.breakItem.300":1,"stat.killEntity.LavaSlime":27,"stat.useItem.328":5,"stat.killEntity.Creeper":107,"stat.playOneMinute":8070035,"stat.killEntity.Pig":15,"stat.useItem.76":3,"stat.killEntity.Enderman":66,"stat.leaveGame":48,"stat.diveOneCm":681302,"stat.useItem.6":23,"stat.useItem.258":9,"stat.useItem.54":2,"stat.killEntity.Villager":71,"achievement.buildBetterPickaxe":1,"stat.killEntity.Spider":213,"stat.killEntity.Slime":76,"stat.useItem.85":408,"stat.useItem.383":2627,"stat.animalsBred":45,"stat.killEntity.PigZombie":22,"stat.boatOneCm":19870,"stat.useItem.107":24,"stat.useItem.58":2,"stat.useItem.122":1,"stat.swimOneCm":756584,"stat.craftItem.280":4,"stat.fishCaught":9,"stat.killEntity.Skeleton":182,"stat.horseOneCm":2854450,"stat.useItem.397":9,"stat.walkOneCm":10355919,"stat.useItem.274":2,"stat.playerKills":8,"stat.useItem.145":16,"stat.useItem.35":23,"stat.useItem.44":81,"stat.killEntity.Silverfish":23,"stat.jump":14441,"stat.useItem.51":4,"stat.useItem.13":3,"stat.killEntity.Witch":51,"stat.useItem.110":4,"stat.useItem.12":68,"stat.deaths":51,"stat.mineBlock.3":1,"stat.killEntity.Ozelot":11,"stat.mobKills":3380,"stat.useItem.389":1,"stat.killEntity.Zombie":462,"stat.useItem.170":6,"stat.minecartOneCm":1645579,"stat.useItem.276":130,"stat.useItem.27":12,"stat.useItem.67":1,"stat.useItem.1":250,"stat.useItem.20":169,"stat.killEntity.Blaze":6,"stat.killEntity.Squid":41,"stat.mineBlock.85":2,"stat.mineBlock.4":3,"stat.useItem.102":6,"stat.mineBlock.5":12,"stat.useItem.101":28,"stat.killEntity.CaveSpider":7,"stat.craftItem.274":1,"stat.killEntity.MushroomCow":17}