{"stat.useItem.146":1,"stat.useItem.46":6,"achievement.openInventory":97,"achievement.normalloot":1,"stat.damageDealt":1340,"stat.useItem.3":40,"achievement.exploreAllBiomes":{"value":0,"progress":["Plains"]},"stat.useItem.126":9,"stat.useItem.5":39,"stat.killEntity.EntityHorse":6,"stat.useItem.69":1,"stat.flyOneCm":365564,"stat.drop":11,"stat.damageTaken":2147483647,"achievement.completedex1":3,"stat.playOneMinute":140164,"stat.diveOneCm":7286,"stat.useItem.383":27,"stat.animalsBred":1,"stat.useItem.54":4,"stat.useItem.85":378,"stat.deaths":1,"stat.jump":189,"stat.swimOneCm":1864,"stat.fishCaught":2,"stat.mobKills":11,"stat.horseOneCm":95358,"stat.walkOneCm":143791,"stat.useItem.145":2,"stat.useItem.276":12}