{"stat.damageDealt":2100,"stat.killEntity.lom_Croco":1,"achievement.exploreAllBiomes":{"value":0,"progress":["Taiga","Ocean","Birch Forest","Beach","Plains","Mega Taiga","Swampland","River","Birch Forest Hills"]},"stat.killEntity.lom_BullFrog":1,"achievement.openInventory":10,"achievement.killfrog":2,"stat.killEntity.lom_Fishy":1,"stat.killEntity.lom_Frog":4,"stat.flyOneCm":228504,"achievement.login":1,"stat.killEntity.lom_Whale":1,"stat.diveOneCm":21447,"stat.useItem.383":15,"achievement.killdeer":2,"stat.killEntity.lom_Turtle":1,"stat.playOneMinute":13444,"stat.killEntity.lom_WinterDeer":3,"stat.walkOneCm":13510,"stat.jump":32,"stat.swimOneCm":3723,"stat.mobKills":13,"stat.killEntity.lom_Bunny":1}