{"stat.useItem.351":15,"stat.killEntity.Sludgeling":6,"stat.useItem.355":15,"stat.useItem.354":20,"stat.killEntity.EntityHorse":7,"stat.horseOneCm":130754,"stat.leaveGame":2,"stat.killEntity.Ozelot":1,"stat.mineBlock.18":4,"stat.useItem.126":20,"stat.swimOneCm":211714,"stat.climbOneCm":5394,"stat.killEntity.OCRog":2,"achievement.exploreAllBiomes":{"value":0,"progress":["Sky","moon","WyvernBiome","asteroids","marsFlat","Plains","space","Hell"]},"stat.killEntity.EvolvedZombie":2,"stat.mineBlock.3":2,"stat.killEntity.TerribleTerror":6,"stat.killEntity.Enderman":2,"stat.flyOneCm":18980600,"stat.useItem.102":32,"stat.useItem.101":74,"stat.killEntity.Witch":1,"stat.killEntity.MushroomCow":2,"stat.useItem.107":7,"stat.useItem.109":4,"stat.killEntity.Villager":25,"stat.killEntity.EvolvedSkeletonBoss":4,"stat.killEntity.EvolvedCreeper":4,"stat.killEntity.Bat":2,"stat.killEntity.AlienVillager":4,"stat.killEntity.NightFury":9,"stat.killEntity.Wolf":2,"stat.killEntity.Creeper":9,"stat.useItem.321":22,"stat.useItem.324":24,"stat.useItem.323":1,"stat.killEntity.Squid":11,"stat.useItem.86":22,"stat.useItem.89":46,"stat.useItem.85":1010,"achievement.openInventory":2509,"stat.useItem.80":2,"stat.killEntity.OCWhale":4,"stat.useItem.97":6,"stat.deaths":51,"stat.drop":419,"stat.useItem.420":10,"stat.killEntity.OCOrca":2,"stat.useItem.96":6,"stat.playOneMinute":3474579,"stat.killEntity.Sheep":2,"stat.killEntity.Zombie":24,"stat.killEntity.OCCannibal":12,"stat.fishCaught":2,"stat.diveOneCm":488112,"stat.useItem.65":17,"stat.useItem.67":36,"stat.useItem.61":9,"stat.killEntity.Slime":40,"stat.killEntity.OCFishy":10,"stat.killEntity.Ghast":3,"stat.useItem.69":7,"stat.killEntity.OCShark":40,"stat.killEntity.OCSeaTurtle":11,"stat.useItem.76":5,"stat.jump":4850,"stat.fallOneCm":128303,"stat.killEntity.Slimeling":20,"stat.useItem.42":61,"stat.damageTaken":177223,"stat.useItem.46":8,"stat.useItem.49":41,"stat.useItem.53":12,"stat.useItem.54":25,"stat.useItem.50":54,"stat.useItem.51":2,"stat.killEntity.EvolvedSpider":3,"stat.damageDealt":321919,"stat.killEntity.Silverfish":1,"stat.killEntity.Cow":4,"stat.useItem.57":60,"stat.useItem.58":1,"stat.useItem.20":639,"stat.useItem.276":1063,"stat.useItem.155":16,"stat.killEntity.EvolvedSkeleton":2,"stat.walkOneCm":3307385,"stat.animalsBred":3,"stat.useItem.279":34,"stat.playerKills":1,"stat.killEntity.OCKing Crab":3,"stat.useItem.29":3,"stat.useItem.24":5,"stat.useItem.161":3,"stat.useItem.30":43,"stat.mineBlock.102":1,"stat.useItem.35":50,"stat.useItem.37":1,"stat.killEntity.OCCrab":6,"stat.useItem.173":1,"stat.killEntity.Skeleton":14,"stat.useItem.259":175,"stat.useItem.138":4,"stat.killEntity.Chicken":1,"stat.killEntity.OCAnglerFish":2,"stat.killEntity.Spider":10,"stat.mobKills":1377,"stat.useItem.383":2448,"stat.useItem.6":6,"stat.killEntity.OCSeagull":1,"stat.useItem.12":279,"stat.useItem.385":2,"stat.useItem.146":1,"stat.useItem.267":25,"stat.useItem.145":13,"stat.useItem.1":158,"stat.useItem.4":6,"stat.useItem.5":660,"stat.useItem.3":318,"stat.useItem.17":1,"stat.useItem.13":13,"stat.mineBlock.31":75,"stat.useItem.272":7}