{"stat.useItem.20":3352,"stat.useItem.276":3,"stat.useItem.67":6,"stat.useItem.355":6,"stat.walkOneCm":537597,"stat.leaveGame":9,"stat.killEntity.Creeper":1,"stat.useItem.76":5,"stat.jump":479,"stat.swimOneCm":571,"stat.fallOneCm":4552,"stat.climbOneCm":873,"achievement.exploreAllBiomes":{"value":0,"progress":["moon","Plains"]},"achievement.openInventory":46,"stat.damageTaken":1555,"stat.mobKills":1,"stat.useItem.47":7,"stat.flyOneCm":961434,"stat.deaths":3,"stat.drop":7,"stat.useItem.50":16,"stat.playOneMinute":365726,"stat.useItem.1":25,"stat.useItem.5":255,"stat.useItem.3":248,"stat.damageDealt":250,"stat.diveOneCm":1455}