{"stat.damageDealt":200,"achievement.normalloot":3,"achievement.exploreAllBiomes":{"value":0,"progress":["Forest","Sunflower Plains","Deep Ocean","Taiga","Ocean","Extreme Hills","Beach","Plains","River","Stone Beach","ForestHills"]},"achievement.openInventory":31,"stat.climbOneCm":344,"stat.drop":5,"achievement.completedex1":12,"stat.flyOneCm":726791,"stat.useItem.57":1,"achievement.grotto":3,"stat.killEntity.Villager":1,"stat.playOneMinute":101351,"stat.diveOneCm":47870,"stat.useItem.383":8,"stat.mobKills":1,"stat.walkOneCm":62120,"stat.jump":135,"stat.swimOneCm":4056}