{"stat.killEntity.Sludgeling":5,"stat.useItem.146":1,"stat.useItem.3":233,"stat.useItem.351":3,"achievement.exploreAllBiomes":{"value":0,"progress":["moon","asteroids","Plains","marsFlat","space"]},"stat.useItem.324":4,"stat.useItem.24":5,"stat.useItem.126":9,"stat.killEntity.EntityMasso":3,"stat.useItem.89":46,"stat.useItem.46":8,"achievement.openInventory":1003,"stat.killEntity.AlienVillager":4,"stat.damageDealt":42509,"stat.killEntity.OCCannibal":5,"stat.useItem.50":12,"stat.useItem.259":4,"stat.killEntity.OCAnglerFish":1,"stat.useItem.5":257,"stat.killEntity.EvolvedCreeper":3,"stat.useItem.355":1,"stat.fallOneCm":57148,"stat.flyOneCm":2016562,"stat.useItem.69":7,"stat.killEntity.EntityHorse":6,"stat.killEntity.EvolvedSkeleton":2,"stat.drop":104,"stat.killEntity.Slimeling":18,"stat.damageTaken":7084,"stat.killEntity.Enderman":2,"stat.useItem.29":3,"stat.leaveGame":1,"stat.diveOneCm":281338,"stat.useItem.6":1,"stat.useItem.54":4,"stat.killEntity.Spider":4,"stat.killEntity.EvolvedSpider":2,"stat.useItem.85":499,"stat.killEntity.EvolvedZombie":2,"stat.killEntity.Creeper":4,"stat.useItem.383":215,"stat.animalsBred":3,"stat.playOneMinute":904491,"stat.killEntity.EvolvedSkeletonBoss":3,"stat.killEntity.OCRog":1,"stat.useItem.37":1,"stat.mineBlock.18":4,"stat.deaths":7,"stat.killEntity.OCShark":37,"stat.fishCaught":2,"stat.swimOneCm":83750,"stat.killEntity.Ozelot":1,"stat.mobKills":183,"stat.useItem.42":26,"stat.killEntity.Skeleton":3,"stat.horseOneCm":95358,"stat.walkOneCm":576995,"stat.useItem.145":4,"stat.killEntity.Zombie":8,"stat.killEntity.OCSeaTurtle":3,"stat.useItem.276":406,"stat.killEntity.OCOrca":1,"stat.jump":1820,"stat.useItem.1":4,"stat.useItem.20":309,"stat.killEntity.Witch":1,"stat.useItem.13":10,"stat.killEntity.Squid":3,"stat.useItem.12":17,"stat.killEntity.EntityCitipati":1}