{"stat.useItem.20":3352,"stat.useItem.67":2,"stat.useItem.355":6,"stat.walkOneCm":505280,"achievement.openInventory":38,"stat.leaveGame":8,"stat.damageTaken":1555,"stat.useItem.76":3,"stat.flyOneCm":870936,"stat.deaths":3,"stat.drop":6,"stat.useItem.50":11,"stat.jump":467,"stat.swimOneCm":560,"stat.playOneMinute":328906,"stat.fallOneCm":4552,"stat.climbOneCm":873,"stat.useItem.1":17,"stat.useItem.5":255,"stat.useItem.3":247,"stat.damageDealt":10,"achievement.exploreAllBiomes":{"value":0,"progress":["moon","Plains"]},"stat.diveOneCm":1455}