{"stat.useItem.351":14,"stat.useItem.65":7,"stat.useItem.66":1,"stat.useItem.113":5,"stat.useItem.355":18,"stat.useItem.354":3,"stat.useItem.69":5,"stat.useItem.120":108,"stat.useItem.76":4,"stat.useItem.77":2,"stat.useItem.78":64,"stat.craftItem.298":2,"stat.craftItem.299":2,"stat.jump":2364,"stat.swimOneCm":32471,"stat.climbOneCm":1807,"stat.fallOneCm":49286,"stat.useItem.70":3,"stat.killEntity.Pegasus":1,"achievement.completedex10":2,"achievement.exploreAllBiomes":{"value":0,"progress":["Sky","Ice Plains"]},"stat.useItem.79":15,"stat.useItem.174":2,"stat.useItem.45":207,"stat.useItem.330":1,"stat.useItem.41":29,"stat.damageTaken":-2147479103,"stat.killEntity.Enderman":2,"stat.flyOneCm":4934791,"stat.useItem.50":6,"stat.damageDealt":42639,"stat.killEntity.Silverfish":1,"stat.useItem.57":29,"stat.useItem.58":1,"stat.useItem.20":83,"stat.useItem.276":13,"stat.useItem.23":3,"stat.walkOneCm":795672,"stat.useItem.156":7,"stat.craftItem.300":2,"stat.playerKills":1,"stat.craftItem.301":2,"stat.killEntity.Creeper":1,"achievement.completedex1":28,"stat.useItem.27":9,"stat.useItem.33":3,"stat.useItem.171":114,"stat.killEntity.Skeleton":3,"stat.useItem.89":246,"stat.useItem.85":122,"achievement.openInventory":726,"stat.useItem.259":1,"stat.useItem.138":2,"stat.useItem.80":98,"stat.mobKills":156,"stat.useItem.381":97,"stat.useItem.383":347,"stat.useItem.98":11,"stat.useItem.6":1,"stat.useItem.12":2,"stat.deaths":7,"stat.drop":157,"stat.useItem.145":2,"stat.playOneMinute":1506410,"stat.useItem.1":169,"stat.killEntity.Sheep":1,"stat.useItem.4":42,"stat.useItem.3":24,"achievement.normalloot":3,"stat.killEntity.Zombie":2,"stat.diveOneCm":5715}